{
    "H" : 16,
    "W" : 14,
    "EndX" : 3,
    "EndY" : 1,
    "BG" : [["X", "X", "X", "X", "X", "X", "X", "X", "X", "X", "X", "X", "X", "X"],
            ["X", ".", ".", ".", ".", ".", ".", ".", ".", ".", ".", ".", ".", "X"],
            ["X", ".", ".", ".", ".", ".", ".", ".", ".", ".", ".", ".", ".", "X"],
            ["X", ".", ".", ".", ".", ".", ".", ".", ".", ".", ".", ".", ".", "X"],
            ["X", ".", ".", ".", ".", ".", ".", ".", ".", ".", ".", ".", ".", "X"],
            ["X", ".", ".", ".", ".", ".", ".", ".", ".", ".", ".", ".", ".", "X"],
            ["X", ".", ".", ".", ".", ".", ".", ".", ".", ".", ".", ".", ".", "X"],
            ["X", ".", ".", ".", ".", ".", ".", ".", ".", ".", ".", ".", ".", "X"],
            ["X", ".", ".", ".", ".", ".", ".", ".", ".", ".", ".", ".", ".", "X"],
            ["X", ".", ".", ".", ".", ".", ".", ".", ".", ".", ".", ".", ".", "X"],
            ["X", ".", ".", ".", ".", ".", ".", ".", ".", ".", ".", ".", ".", "X"],
            ["X", ".", ".", ".", ".", ".", ".", ".", ".", ".", ".", ".", ".", "X"],
            ["X", ".", ".", ".", ".", ".", ".", ".", ".", ".", ".", ".", ".", "X"],
            ["X", "x", "x", "x", "x", "x", "x", "x", "x", "x", "x", "x", "x", "X"],
            ["X", ".", ".", ".", ".", ".", ".", ".", ".", ".", ".", ".", ".", "X"],
            ["X", "X", "X", "X", "X", "X", "X", "X", "X", "X", "X", "X", "X", "X"]]
}