{
    "nb_activators" : 5,
    "activators" : [
        {
            "type" : "I",
            "X" : 5,
            "Y" : 3
        },
        {
            "type" : "I",
            "X" : 5,
            "Y" : 5
        },
        {
            "type" : "T",
            "X" : 5,
            "Y" : 7
        },
        {
            "type" : "I",
            "X" : 5,
            "Y" : 9
        },
        {
            "type" : "I",
            "X" : 5,
            "Y" : 11
        }
    ],

    "nb_gates" : 3,
    "gates" : [
        {
            "type" : "&",
            "X" : 7,
            "Y" : 4
        },
        {
            "type" : "!",
            "X" : 7,
            "Y" : 7
        },
        {
            "type" : "|",
            "X" : 7,
            "Y" : 10
        }
    ],

    "nb_doors" : 3,
    "doors" : [
        {
            "X" : 10,
            "Y" : 4,
            "nb_tiles" : 3,
            "tiles" : [
                {
                    "X" : 10,
                    "Y" : 4
                },
                {
                    "X" : 11,
                    "Y" : 4
                },
                {
                    "X" : 12,
                    "Y" : 4
                }
            ]
        },
        {
            "X" : 10,
            "Y" : 7,
            "nb_tiles" : 2,
            "tiles" : [
                {
                    "X" : 10,
                    "Y" : 7
                },
                {
                    "X" : 10,
                    "Y" : 8
                }
            ]
        },
        {
            "X" : 10,
            "Y" : 10,
            "nb_tiles" : 2,
            "tiles" : [
                {
                    "X" : 10,
                    "Y" : 10
                },
                {
                    "X" : 10,
                    "Y" : 10
                }
            ]
        }
    ],
    
    "nb_links" : 8,
    "links" : [
        {
            "X_start" : 5,
            "Y_start" : 3,
            "type_start" : "Activator",
            "X_end" : 7,
            "Y_end" : 4,
            "type_end" : "Gate"
        },
        {
            "X_start" : 5,
            "Y_start" : 5,
            "type_start" : "Activator",
            "X_end" : 7,
            "Y_end" : 4,
            "type_end" : "Gate"
        },
        {
            "X_start" : 7,
            "Y_start" : 4,
            "type_start" : "Gate",
            "X_end" : 10,
            "Y_end" : 4,
            "type_end" : "Door"
        },
        {
            "X_start" : 5,
            "Y_start" : 7,
            "type_start" : "Activator",
            "X_end" : 7,
            "Y_end" : 7,
            "type_end" : "Gate"
        },
        {
            "X_start" : 7,
            "Y_start" : 7,
            "type_start" : "Gate",
            "X_end" : 10,
            "Y_end" : 7,
            "type_end" : "Door"
        },
        {
            "X_start" : 5,
            "Y_start" : 9,
            "type_start" : "Activator",
            "X_end" : 7,
            "Y_end" : 10,
            "type_end" : "Gate"
        },
        {
            "X_start" : 5,
            "Y_start" : 11,
            "type_start" : "Activator",
            "X_end" : 7,
            "Y_end" : 10,
            "type_end" : "Gate"
        },
        {
            "X_start" : 7,
            "Y_start" : 10,
            "type_start" : "Gate",
            "X_end" : 10,
            "Y_end" : 10,
            "type_end" : "Door"
        }
    ]
    
}